{"stats":{"minecraft:dropped":{"minecraft:iron_sword":1,"minecraft:rotten_flesh":6,"minecraft:dirt":1,"minecraft:rose_bush":1,"stalwart_dungeons:tungsten_axe":1},"minecraft:killed":{"minecraft:husk":1,"minecraft:skeleton":1},"minecraft:custom":{"minecraft:mob_kills":2,"minecraft:interact_with_cartography_table":1,"minecraft:interact_with_crafting_table":5,"minecraft:open_barrel":7,"minecraft:leave_game":1,"minecraft:time_since_death":3869,"minecraft:sleep_in_bed":2,"minecraft:climb_one_cm":1250,"minecraft:time_since_rest":3912,"minecraft:sprint_one_cm":14911,"minecraft:damage_taken":713,"minecraft:walk_one_cm":92790,"minecraft:damage_blocked_by_shield":2520,"minecraft:drop":7,"minecraft:damage_dealt":1471,"minecraft:talked_to_villager":3,"minecraft:swim_one_cm":1069,"minecraft:fly_one_cm":24697,"minecraft:open_chest":20,"minecraft:crouch_one_cm":871,"minecraft:play_time":20297,"minecraft:deaths":2,"minecraft:sneak_time":252,"minecraft:walk_under_water_one_cm":8411,"minecraft:jump":205,"minecraft:interact_with_blast_furnace":5,"minecraft:walk_on_water_one_cm":4282,"minecraft:total_world_time":20297,"minecraft:fall_one_cm":3507},"minecraft:crafted":{"minecraft:oak_planks":12,"minecraft:iron_sword":1,"minecraft:bread":9,"minecraft:shield":3,"minecraft:iron_axe":1,"minecraft:stick":12,"minecraft:iron_pickaxe":1,"minecraft:dark_oak_planks":8,"minecraft:wheat":27},"minecraft:used":{"minecraft:gray_carpet":3,"minecraft:shield":21,"minecraft:iron_sword":40,"minecraft:iron_chestplate":1,"minecraft:torch":4,"minecraft:mangrove_trapdoor":1,"minecraft:painting":1,"minecraft:tuff":5,"minecraft:bread":3,"minecraft:iron_axe":3,"minecraft:iron_pickaxe":9,"minecraft:iron_helmet":1,"minecraft:iron_boots":1,"minecraft:item_frame":2,"minecraft:cobblestone":9,"alexsmobs:animal_dictionary":1,"minecraft:iron_leggings":1},"minecraft:killed_by":{"minecraft:husk":1,"minecraft:skeleton":1},"minecraft:mined":{"minecraft:grass_block":1,"minecraft:rose_bush":2,"minecraft:white_stained_glass":1,"minecraft:tall_grass":1,"minecraft:mangrove_trapdoor":1,"minecraft:hay_block":3,"minecraft:light_gray_stained_glass":1,"minecraft:stripped_dark_oak_wood":2,"minecraft:grass":1,"minecraft:coal_ore":5,"minecraft:oak_log":3,"minecraft:stone":4},"minecraft:picked_up":{"minecraft:potion":2,"minecraft:tuff":5,"minecraft:oak_log":3,"minecraft:dirt":1,"minecraft:item_frame":2,"minecraft:bone":2,"minecraft:gray_carpet":3,"stalwart_dungeons:tungsten_helmet":1,"minecraft:rose_bush":1,"stalwart_dungeons:tungsten_sword":1,"stalwart_dungeons:tungsten_chestplate":1,"stalwart_dungeons:tungsten_boots":1,"minecraft:mangrove_trapdoor":1,"minecraft:rotten_flesh":6,"minecraft:hay_block":3,"stalwart_dungeons:tungsten_axe":1,"minecraft:stripped_dark_oak_wood":2,"minecraft:painting":1,"stalwart_dungeons:tungsten_leggings":1,"minecraft:coal":8,"minecraft:cobblestone":14}},"DataVersion":3465}