{"stats":{"minecraft:dropped":{"minecraft:iron_sword":1,"gobber2:gobber2_foo":2,"minecraft:rotten_flesh":6,"minecraft:dirt":1,"minecraft:rose_bush":1,"stalwart_dungeons:tungsten_axe":1},"minecraft:killed":{"cardinal_sins:skeletonofgluttony":7,"minecraft:husk":1,"minecraft:skeleton":2},"minecraft:crafted":{"minecraft:oak_planks":12,"minecraft:iron_sword":1,"minecraft:bread":9,"minecraft:shield":3,"minecraft:iron_axe":1,"minecraft:stick":12,"minecraft:iron_pickaxe":1,"minecraft:torch":28,"minecraft:dark_oak_planks":8,"minecraft:wheat":27},"minecraft:custom":{"minecraft:interact_with_smithing_table":1,"minecraft:mob_kills":15,"minecraft:interact_with_cartography_table":1,"minecraft:interact_with_crafting_table":5,"minecraft:open_barrel":7,"minecraft:bell_ring":1,"minecraft:leave_game":1,"minecraft:time_since_death":15869,"minecraft:sleep_in_bed":3,"minecraft:climb_one_cm":2702,"minecraft:time_since_rest":7091,"minecraft:sprint_one_cm":45361,"minecraft:damage_taken":1217,"minecraft:walk_one_cm":148546,"minecraft:damage_blocked_by_shield":2580,"minecraft:drop":9,"minecraft:damage_dealt":4611,"minecraft:talked_to_villager":4,"minecraft:swim_one_cm":3158,"minecraft:fly_one_cm":79664,"minecraft:open_chest":21,"minecraft:crouch_one_cm":1654,"minecraft:play_time":32297,"minecraft:deaths":2,"minecraft:sneak_time":428,"minecraft:walk_under_water_one_cm":15713,"minecraft:jump":455,"minecraft:interact_with_blast_furnace":6,"minecraft:walk_on_water_one_cm":8988,"minecraft:total_world_time":32297,"minecraft:fall_one_cm":15692},"minecraft:used":{"minecraft:gray_carpet":3,"minecraft:oak_planks":1,"gobber2:gobber2_gooey_bread":1,"minecraft:shield":22,"minecraft:iron_sword":40,"minecraft:iron_chestplate":1,"minecraft:torch":12,"minecraft:mangrove_trapdoor":1,"minecraft:stone_brick_wall":1,"minecraft:painting":1,"minecraft:tuff":5,"minecraft:oak_stairs":2,"minecraft:bread":10,"minecraft:iron_axe":7,"minecraft:iron_pickaxe":20,"minecraft:iron_helmet":1,"stalwart_dungeons:tungsten_sword":49,"minecraft:iron_boots":1,"minecraft:item_frame":2,"minecraft:cobblestone":14,"alexsmobs:animal_dictionary":1,"minecraft:cobbled_deepslate":1,"minecraft:iron_leggings":1},"minecraft:killed_by":{"minecraft:husk":1,"minecraft:skeleton":1},"minecraft:mined":{"minecraft:oak_fence":1,"minecraft:cave_vines_plant":1,"minecraft:stone_brick_wall":1,"minecraft:grass_block":1,"gobber2:gobber2_lucky_block":1,"minecraft:rose_bush":2,"minecraft:white_stained_glass":1,"minecraft:tall_grass":1,"minecraft:mangrove_trapdoor":1,"minecraft:deepslate_gold_ore":4,"minecraft:oak_planks":1,"minecraft:hay_block":3,"minecraft:light_gray_stained_glass":1,"minecraft:stripped_dark_oak_wood":2,"minecraft:grass":2,"minecraft:coal_ore":5,"minecraft:oak_log":3,"minecraft:cave_vines":1,"minecraft:oak_stairs":2,"minecraft:stone":4,"minecraft:deepslate":1},"minecraft:picked_up":{"minecraft:azure_bluet":1,"minecraft:oak_stairs":2,"minecraft:stone_brick_wall":1,"minecraft:potion":2,"minecraft:tuff":5,"minecraft:oak_log":3,"minecraft:dirt":1,"minecraft:item_frame":2,"minecraft:bone":7,"minecraft:gray_carpet":3,"stalwart_dungeons:tungsten_helmet":1,"minecraft:cobbled_deepslate":1,"minecraft:raw_gold":4,"minecraft:rose_bush":1,"minecraft:oak_planks":1,"gobber2:gobber2_gooey_bread":1,"minecraft:dandelion":2,"stalwart_dungeons:tungsten_sword":1,"stalwart_dungeons:tungsten_chestplate":1,"stalwart_dungeons:tungsten_boots":1,"minecraft:mangrove_trapdoor":1,"gobber2:gobber2_foo":2,"minecraft:rotten_flesh":8,"minecraft:hay_block":3,"stalwart_dungeons:tungsten_axe":1,"minecraft:stripped_dark_oak_wood":2,"minecraft:painting":1,"stalwart_dungeons:tungsten_leggings":1,"minecraft:coal":8,"minecraft:cobblestone":14}},"DataVersion":3465}