{"stats":{"minecraft:dropped":{"minecraft:iron_sword":1,"gobber2:gobber2_foo":2,"minecraft:glass_bottle":1,"minecraft:rotten_flesh":6,"minecraft:azure_bluet":1,"minecraft:dirt":1,"minecraft:rose_bush":1,"stalwart_dungeons:tungsten_axe":1,"minecraft:potion":1,"minecraft:gold_ingot":8},"minecraft:killed":{"cardinal_sins:skeletonofgluttony":230,"minecraft:husk":1,"minecraft:spider":1,"minecraft:skeleton":2,"minecraft:villager":6,"minecraft:cow":1},"minecraft:crafted":{"minecraft:oak_planks":12,"minecraft:iron_sword":1,"minecraft:bread":9,"minecraft:shield":3,"minecraft:iron_axe":1,"minecraft:stick":12,"minecraft:iron_pickaxe":1,"minecraft:dark_oak_planks":8,"minecraft:torch":28,"minecraft:wheat":27},"minecraft:custom":{"minecraft:interact_with_smithing_table":1,"minecraft:mob_kills":246,"minecraft:interact_with_crafting_table":5,"minecraft:interact_with_cartography_table":1,"minecraft:open_barrel":18,"minecraft:bell_ring":1,"minecraft:leave_game":2,"minecraft:time_since_death":6824,"minecraft:sleep_in_bed":3,"minecraft:climb_one_cm":3796,"minecraft:time_since_rest":7135,"minecraft:sprint_one_cm":61388,"minecraft:damage_taken":2409,"minecraft:walk_one_cm":187725,"minecraft:damage_blocked_by_shield":2580,"minecraft:drop":20,"minecraft:damage_dealt":6407,"minecraft:swim_one_cm":4686,"minecraft:talked_to_villager":4,"minecraft:fly_one_cm":117949,"minecraft:open_chest":21,"minecraft:crouch_one_cm":2694,"minecraft:play_time":43688,"minecraft:deaths":6,"minecraft:sneak_time":765,"minecraft:walk_under_water_one_cm":16398,"minecraft:jump":650,"minecraft:interact_with_blast_furnace":6,"minecraft:walk_on_water_one_cm":9979,"minecraft:total_world_time":43688,"minecraft:fall_one_cm":21508},"minecraft:used":{"biomesoplenty:brimstone":1,"minecraft:flint_and_steel":2,"minecraft:gray_carpet":3,"minecraft:oak_planks":1,"gobber2:gobber2_gooey_bread":1,"minecraft:shield":22,"minecraft:iron_sword":40,"minecraft:netherrack":10,"minecraft:iron_chestplate":1,"minecraft:torch":12,"minecraft:mangrove_trapdoor":1,"minecraft:tnt":131,"minecraft:painting":1,"minecraft:tuff":5,"minecraft:stone_brick_wall":1,"minecraft:dark_oak_planks":2,"minecraft:iron_axe":20,"minecraft:oak_stairs":2,"minecraft:bread":14,"minecraft:string":1,"minecraft:iron_pickaxe":71,"minecraft:iron_helmet":1,"stalwart_dungeons:tungsten_sword":76,"minecraft:spruce_trapdoor":2,"minecraft:iron_boots":1,"minecraft:smooth_quartz":10,"minecraft:stone_bricks":3,"minecraft:item_frame":2,"minecraft:redstone_lamp":1,"minecraft:cobblestone":14,"alexsmobs:animal_dictionary":1,"minecraft:cobbled_deepslate":1,"minecraft:dandelion":2,"minecraft:iron_leggings":1},"minecraft:killed_by":{"minecraft:husk":1,"minecraft:skeleton":1,"cardinal_sins:skeletonofgluttony":4},"minecraft:mined":{"biomesoplenty:brimstone":1,"biomesoplenty:brimstone_fumarole":2,"minecraft:oak_fence":1,"minecraft:spruce_trapdoor":1,"minecraft:cave_vines_plant":1,"minecraft:grass_block":1,"minecraft:stone_brick_wall":1,"gobber2:gobber2_lucky_block":1,"minecraft:rose_bush":2,"minecraft:white_stained_glass":1,"minecraft:campfire":11,"minecraft:tall_grass":3,"minecraft:mangrove_trapdoor":1,"minecraft:deepslate_gold_ore":4,"minecraft:oak_planks":1,"minecraft:hay_block":3,"minecraft:black_stained_glass":1,"minecraft:light_gray_stained_glass":1,"minecraft:stripped_dark_oak_wood":2,"minecraft:grass":5,"minecraft:oak_log":3,"minecraft:coal_ore":5,"minecraft:cave_vines":1,"biomesoplenty:brimstone_bud":3,"minecraft:oak_stairs":2,"minecraft:stone_bricks":3,"minecraft:stone":4,"minecraft:netherrack":40,"minecraft:redstone_lamp":1,"minecraft:deepslate":1},"minecraft:picked_up":{"minecraft:charcoal":12,"minecraft:azure_bluet":2,"minecraft:redstone_lamp":1,"minecraft:leather":3,"minecraft:oak_stairs":2,"minecraft:stone_brick_wall":1,"minecraft:potion":2,"minecraft:tuff":5,"minecraft:oak_log":3,"minecraft:string":1,"minecraft:dirt":1,"minecraft:item_frame":2,"biomesoplenty:brimstone":1,"minecraft:stone_bricks":3,"minecraft:bone":51,"minecraft:gray_carpet":3,"stalwart_dungeons:tungsten_helmet":1,"minecraft:cobbled_deepslate":1,"minecraft:raw_gold":4,"minecraft:glass_bottle":1,"minecraft:rose_bush":1,"minecraft:smooth_quartz":10,"minecraft:oak_planks":1,"minecraft:spruce_trapdoor":2,"gobber2:gobber2_gooey_bread":1,"minecraft:birch_stairs":8,"minecraft:gravel":15,"minecraft:dandelion":2,"minecraft:spruce_fence":3,"stalwart_dungeons:tungsten_sword":1,"minecraft:fire_charge":1,"stalwart_dungeons:tungsten_chestplate":1,"stalwart_dungeons:tungsten_boots":1,"minecraft:spectral_arrow":8,"minecraft:mangrove_trapdoor":1,"gobber2:gobber2_foo":2,"minecraft:arrow":2,"minecraft:rotten_flesh":8,"minecraft:stripped_dark_oak_wood":2,"minecraft:hay_block":3,"stalwart_dungeons:tungsten_axe":1,"minecraft:painting":1,"stalwart_dungeons:tungsten_leggings":1,"minecraft:obsidian":1,"minecraft:netherrack":31,"minecraft:coal":8,"minecraft:cobblestone":14}},"DataVersion":3465}