{"stats":{"minecraft:dropped":{"minecraft:iron_sword":1},"minecraft:killed":{"minecraft:husk":1},"minecraft:crafted":{"minecraft:oak_planks":12,"minecraft:shield":1,"minecraft:iron_axe":1,"minecraft:stick":12,"minecraft:iron_pickaxe":1,"minecraft:iron_sword":1},"minecraft:custom":{"minecraft:time_since_rest":8297,"minecraft:sprint_one_cm":5257,"minecraft:damage_taken":90,"minecraft:walk_one_cm":30117,"minecraft:mob_kills":1,"minecraft:drop":1,"minecraft:damage_dealt":375,"minecraft:talked_to_villager":3,"minecraft:interact_with_crafting_table":1,"minecraft:interact_with_cartography_table":1,"minecraft:fly_one_cm":9936,"minecraft:open_barrel":4,"minecraft:open_chest":15,"minecraft:crouch_one_cm":871,"minecraft:play_time":8297,"minecraft:sneak_time":225,"minecraft:jump":107,"minecraft:interact_with_blast_furnace":3,"minecraft:leave_game":1,"minecraft:time_since_death":8297,"minecraft:total_world_time":8297,"minecraft:fall_one_cm":1370},"minecraft:used":{"minecraft:bread":1,"minecraft:iron_pickaxe":9,"minecraft:iron_helmet":1,"minecraft:iron_sword":9,"minecraft:iron_boots":1,"minecraft:item_frame":2,"minecraft:iron_chestplate":1,"minecraft:cobblestone":3,"alexsmobs:animal_dictionary":1,"minecraft:iron_leggings":1},"minecraft:mined":{"minecraft:oak_log":3,"minecraft:coal_ore":5,"minecraft:tall_grass":1,"minecraft:stone":4},"minecraft:picked_up":{"minecraft:potion":2,"minecraft:oak_log":3,"minecraft:item_frame":2,"minecraft:rotten_flesh":2,"minecraft:coal":8,"minecraft:cobblestone":5}},"DataVersion":3465}