{"stats":{"minecraft:dropped":{"minecraft:stone_button":2,"minecraft:dark_oak_button":1,"minecraft:beehive":1,"minecraft:spruce_button":1,"minecraft:wooden_pickaxe":1},"minecraft:crafted":{"minecraft:oak_planks":76,"minecraft:crafting_table":1,"minecraft:stick":8,"minecraft:wooden_pickaxe":1,"minecraft:stone_pickaxe":1,"minecraft:chest":2,"minecraft:stone_axe":1,"minecraft:bread":88,"minecraft:wheat":225},"minecraft:custom":{"minecraft:time_since_rest":3719,"minecraft:sprint_one_cm":27461,"minecraft:damage_taken":428,"minecraft:walk_one_cm":38480,"minecraft:drop":6,"minecraft:damage_dealt":29,"minecraft:interact_with_cartography_table":2,"minecraft:interact_with_crafting_table":6,"minecraft:swim_one_cm":4882,"minecraft:fly_one_cm":34325,"minecraft:open_chest":13,"minecraft:crouch_one_cm":2278,"minecraft:play_time":23146,"minecraft:deaths":1,"minecraft:sneak_time":588,"minecraft:walk_under_water_one_cm":3647,"minecraft:jump":154,"minecraft:leave_game":3,"minecraft:time_since_death":22497,"minecraft:walk_on_water_one_cm":7663,"minecraft:sleep_in_bed":1,"minecraft:total_world_time":23146,"minecraft:climb_one_cm":292,"minecraft:fall_one_cm":4848},"minecraft:used":{"minecraft:armor_stand":4,"minecraft:bread":3,"minecraft:chest":2,"gobber2:gobber2_helmet":1,"gobber2:gobber2_boots":1,"gobber2:gobber2_leggings":1,"minecraft:wooden_pickaxe":15,"minecraft:dark_oak_button":1,"minecraft:stone_axe":43,"minecraft:crafting_table":1,"minecraft:white_bed":1,"gobber2:gobber2_chestplate":1},"minecraft:killed_by":{"minecraft:zombie":1},"minecraft:picked_up":{"minecraft:beehive":1,"minecraft:stick":1,"minecraft:iron_chestplate":4,"minecraft:wheat":2,"minecraft:dark_oak_button":3,"minecraft:flower_pot":3,"minecraft:oak_log":19,"minecraft:stone_button":3,"minecraft:white_bed":1,"minecraft:green_carpet":8,"minecraft:iron_leggings":4,"minecraft:armor_stand":4,"minecraft:bow":3,"minecraft:wheat_seeds":10,"minecraft:hay_block":25,"minecraft:iron_helmet":4,"minecraft:spruce_button":1,"minecraft:iron_boots":4,"minecraft:cobblestone":13},"minecraft:mined":{"minecraft:hay_block":25,"minecraft:white_bed":1,"minecraft:glass_pane":1,"minecraft:beehive":1,"minecraft:grass":5,"minecraft:spruce_button":1,"minecraft:oak_log":19,"minecraft:stone":13,"minecraft:oak_leaves":2}},"DataVersion":3465}