{"stats":{"minecraft:dropped":{"minecraft:dark_oak_button":1,"minecraft:beehive":1,"minecraft:spruce_button":1,"minecraft:stone_button":2,"minecraft:wooden_pickaxe":1},"minecraft:killed":{"minecraft:spider":1,"minecraft:skeleton":2},"minecraft:crafted":{"minecraft:oak_planks":76,"minecraft:crafting_table":1,"minecraft:wooden_pickaxe":1,"minecraft:stone_axe":1,"minecraft:bread":88,"minecraft:stick":8,"minecraft:stone_pickaxe":1,"minecraft:chest":2,"minecraft:wheat":225},"minecraft:custom":{"minecraft:interact_with_smithing_table":1,"minecraft:interact_with_furnace":3,"minecraft:mob_kills":3,"minecraft:interact_with_cartography_table":2,"minecraft:interact_with_crafting_table":6,"minecraft:leave_game":6,"minecraft:time_since_death":31856,"minecraft:sleep_in_bed":1,"minecraft:climb_one_cm":1731,"minecraft:time_since_rest":13078,"minecraft:sprint_one_cm":62525,"minecraft:damage_taken":928,"minecraft:walk_one_cm":71423,"minecraft:drop":6,"minecraft:damage_dealt":648,"minecraft:swim_one_cm":10440,"minecraft:fly_one_cm":79753,"minecraft:open_chest":21,"minecraft:crouch_one_cm":2853,"minecraft:play_time":32505,"minecraft:deaths":1,"minecraft:sneak_time":1006,"minecraft:walk_under_water_one_cm":6542,"minecraft:jump":388,"minecraft:walk_on_water_one_cm":10204,"minecraft:total_world_time":32505,"minecraft:fall_one_cm":10215},"minecraft:used":{"minecraft:armor_stand":4,"minecraft:stone_pickaxe":11,"gobber2:gobber2_boots":1,"minecraft:chest":2,"gobber2:gobber2_leggings":1,"minecraft:wooden_pickaxe":15,"minecraft:iron_sword":30,"minecraft:torch":3,"minecraft:crafting_table":1,"minecraft:white_bed":1,"minecraft:bread":14,"gobber2:gobber2_helmet":1,"minecraft:dark_oak_button":1,"minecraft:stone_axe":43,"gobber2:gobber2_chestplate":1},"minecraft:killed_by":{"minecraft:zombie":1},"minecraft:mined":{"minecraft:white_bed":1,"minecraft:glass_pane":1,"minecraft:spruce_button":1,"minecraft:hay_block":25,"minecraft:beehive":1,"minecraft:iron_ore":1,"minecraft:grass":5,"minecraft:oak_log":19,"minecraft:coal_ore":6,"minecraft:iron_bars":4,"minecraft:cobweb":14,"minecraft:stone":13,"minecraft:oak_leaves":2},"minecraft:picked_up":{"minecraft:iron_chestplate":4,"minecraft:wheat":2,"minecraft:dark_oak_button":3,"minecraft:flower_pot":3,"minecraft:oak_log":19,"minecraft:string":13,"minecraft:iron_leggings":4,"minecraft:armor_stand":4,"minecraft:experience_bottle":1,"minecraft:bow":3,"minecraft:wheat_seeds":10,"minecraft:iron_sword":1,"minecraft:iron_boots":4,"minecraft:raw_iron":1,"minecraft:stick":1,"minecraft:beehive":1,"minecraft:stone_button":3,"minecraft:white_bed":1,"minecraft:green_carpet":8,"minecraft:arrow":3,"minecraft:iron_helmet":4,"minecraft:hay_block":25,"minecraft:spruce_button":1,"minecraft:coal":6,"minecraft:iron_bars":4,"minecraft:cobblestone":13}},"DataVersion":3465}