{"stats":{"minecraft:crafted":{"minecraft:oak_planks":16,"minecraft:crafting_table":1,"minecraft:stick":4,"minecraft:wooden_pickaxe":1},"minecraft:custom":{"minecraft:open_chest":4,"minecraft:time_since_rest":10722,"minecraft:crouch_one_cm":381,"minecraft:sprint_one_cm":5587,"minecraft:play_time":11146,"minecraft:deaths":1,"minecraft:damage_taken":315,"minecraft:walk_one_cm":8599,"minecraft:sneak_time":179,"minecraft:walk_under_water_one_cm":2647,"minecraft:jump":87,"minecraft:damage_dealt":29,"minecraft:leave_game":3,"minecraft:walk_on_water_one_cm":6221,"minecraft:time_since_death":10497,"minecraft:climb_one_cm":124,"minecraft:total_world_time":11146,"minecraft:swim_one_cm":4366,"minecraft:interact_with_crafting_table":1,"minecraft:fall_one_cm":476,"minecraft:fly_one_cm":21865},"minecraft:used":{"minecraft:crafting_table":1,"gobber2:gobber2_helmet":1,"gobber2:gobber2_boots":1,"gobber2:gobber2_leggings":1,"minecraft:wooden_pickaxe":5,"gobber2:gobber2_chestplate":1},"minecraft:killed_by":{"minecraft:zombie":1},"minecraft:mined":{"minecraft:oak_log":4,"minecraft:glass_pane":1,"minecraft:stone":3,"minecraft:oak_leaves":2},"minecraft:picked_up":{"minecraft:wheat":2,"minecraft:stick":1,"minecraft:dark_oak_button":2,"minecraft:flower_pot":3,"minecraft:wheat_seeds":10,"minecraft:stone_button":1,"minecraft:oak_log":4,"minecraft:green_carpet":8,"minecraft:cobblestone":3}},"DataVersion":3465}