{"stats":{"minecraft:custom":{"minecraft:interact_with_smithing_table":1,"minecraft:interact_with_furnace":20,"minecraft:mob_kills":22,"minecraft:interact_with_crafting_table":22,"minecraft:interact_with_cartography_table":2,"minecraft:open_barrel":10,"minecraft:leave_game":8,"minecraft:time_since_death":33909,"minecraft:sleep_in_bed":5,"minecraft:climb_one_cm":7419,"minecraft:time_since_rest":8369,"minecraft:sprint_one_cm":208998,"minecraft:damage_taken":2873,"minecraft:walk_one_cm":244881,"minecraft:damage_blocked_by_shield":285,"minecraft:drop":19,"minecraft:damage_dealt":8107,"minecraft:swim_one_cm":43670,"minecraft:talked_to_villager":2,"minecraft:fly_one_cm":347080,"minecraft:open_chest":48,"minecraft:crouch_one_cm":9611,"minecraft:play_time":90682,"minecraft:deaths":3,"minecraft:sneak_time":3861,"minecraft:walk_under_water_one_cm":33786,"minecraft:jump":1758,"minecraft:interact_with_blast_furnace":3,"minecraft:walk_on_water_one_cm":42789,"minecraft:total_world_time":90682,"minecraft:fall_one_cm":50776},"minecraft:dropped":{"minecraft:gravel":10,"minecraft:bread":1,"minecraft:cobblestone":1,"minecraft:rotten_flesh":2,"minecraft:leather":1,"minecraft:dark_oak_button":1,"minecraft:beehive":1,"minecraft:spruce_button":1,"minecraft:stone_button":2,"minecraft:peony":4,"minecraft:sunflower":2,"minecraft:stone_pickaxe":1,"minecraft:wooden_pickaxe":1},"minecraft:picked_up":{"minecraft:crafting_table":2,"minecraft:charcoal":3,"minecraft:iron_chestplate":4,"minecraft:wheat":2,"minecraft:dark_oak_button":4,"minecraft:flower_pot":3,"minecraft:leather":1,"minecraft:potion":1,"minecraft:flint":1,"minecraft:oak_log":19,"minecraft:lapis_lazuli":10,"minecraft:dirt":5,"minecraft:string":13,"minecraft:iron_leggings":4,"minecraft:armor_stand":4,"minecraft:experience_bottle":1,"minecraft:iron_shovel":1,"minecraft:bone":10,"minecraft:bow":3,"minecraft:wheat_seeds":14,"minecraft:beef":6,"minecraft:chest":2,"minecraft:oak_planks":26,"minecraft:iron_sword":2,"minecraft:furnace":2,"minecraft:iron_boots":4,"minecraft:egg":1,"minecraft:beehive":1,"minecraft:stick":1,"minecraft:raw_iron":23,"minecraft:oak_door":7,"minecraft:gravel":10,"minecraft:porkchop":6,"minecraft:stone_button":3,"minecraft:blast_furnace":1,"minecraft:white_bed":6,"alexsmobs:animal_dictionary":1,"minecraft:green_carpet":8,"minecraft:arrow":8,"minecraft:rotten_flesh":2,"minecraft:peony":4,"minecraft:iron_helmet":4,"minecraft:hay_block":25,"minecraft:painting":2,"minecraft:saddle":1,"minecraft:spruce_button":1,"minecraft:bread":1,"minecraft:iron_bars":8,"minecraft:coal":25,"minecraft:cobblestone":36,"minecraft:sunflower":2},"minecraft:crafted":{"minecraft:oak_door":3,"minecraft:oak_planks":76,"minecraft:crafting_table":2,"minecraft:wooden_pickaxe":1,"minecraft:furnace":2,"minecraft:bucket":2,"minecraft:stone_axe":1,"minecraft:bread":88,"minecraft:air":0,"minecraft:flint_and_steel":1,"minecraft:shield":1,"minecraft:iron_axe":1,"minecraft:stick":16,"minecraft:iron_ingot":23,"minecraft:iron_pickaxe":1,"minecraft:stone_pickaxe":1,"minecraft:chest":3,"minecraft:torch":28,"minecraft:wheat":225},"minecraft:mined":{"minecraft:white_bed":6,"minecraft:glass_pane":1,"minecraft:oak_door":7,"minecraft:crafting_table":2,"minecraft:glow_lichen":1,"minecraft:spruce_button":1,"minecraft:blast_furnace":1,"minecraft:grass_block":2,"minecraft:chest":2,"minecraft:campfire":1,"minecraft:cobblestone":5,"minecraft:lapis_ore":1,"minecraft:oak_planks":26,"minecraft:hay_block":25,"minecraft:furnace":2,"minecraft:beehive":1,"minecraft:iron_ore":23,"minecraft:birch_leaves":1,"minecraft:peony":1,"minecraft:grass":10,"minecraft:oak_log":19,"minecraft:coal_ore":25,"minecraft:dark_oak_button":1,"minecraft:iron_bars":4,"minecraft:gravel":6,"minecraft:dirt":3,"minecraft:cobweb":14,"minecraft:stone":32,"minecraft:oak_leaves":2},"minecraft:killed_by":{"minecraft:husk":1,"minecraft:skeleton":1,"minecraft:zombie":1},"minecraft:killed":{"cardinal_sins:skeletonofgluttony":9,"minecraft:husk":1,"minecraft:pig":1,"minecraft:spider":2,"minecraft:skeleton":3,"minecraft:zombie":4,"minecraft:cow":1},"minecraft:used":{"minecraft:water_bucket":17,"minecraft:iron_shovel":11,"minecraft:flint_and_steel":1,"minecraft:armor_stand":4,"minecraft:stone_pickaxe":49,"minecraft:oak_planks":29,"gobber2:gobber2_leggings":1,"gobber2:gobber2_boots":1,"minecraft:wooden_pickaxe":15,"minecraft:chest":4,"minecraft:shield":7,"minecraft:iron_sword":204,"minecraft:oak_door":7,"minecraft:torch":25,"minecraft:dirt":5,"minecraft:crafting_table":3,"minecraft:blast_furnace":1,"minecraft:white_bed":5,"minecraft:painting":2,"minecraft:lava_bucket":13,"minecraft:iron_axe":38,"minecraft:bread":51,"minecraft:iron_pickaxe":32,"gobber2:gobber2_helmet":1,"minecraft:dark_oak_button":1,"minecraft:stone_axe":43,"minecraft:cobblestone":7,"minecraft:furnace":3,"minecraft:bucket":32,"minecraft:egg":1,"gobber2:gobber2_chestplate":1}},"DataVersion":3465}