{"stats":{"minecraft:dropped":{"minecraft:bread":1,"minecraft:rotten_flesh":2,"minecraft:leather":1,"minecraft:dark_oak_button":1,"minecraft:beehive":1,"minecraft:spruce_button":1,"minecraft:stone_button":2,"minecraft:peony":4,"minecraft:wooden_pickaxe":1},"minecraft:custom":{"minecraft:interact_with_smithing_table":1,"minecraft:interact_with_furnace":12,"minecraft:mob_kills":12,"minecraft:interact_with_cartography_table":2,"minecraft:interact_with_crafting_table":10,"minecraft:open_barrel":10,"minecraft:leave_game":7,"minecraft:time_since_death":5837,"minecraft:sleep_in_bed":3,"minecraft:climb_one_cm":7085,"minecraft:time_since_rest":5700,"minecraft:sprint_one_cm":167243,"minecraft:damage_taken":2451,"minecraft:walk_one_cm":184273,"minecraft:damage_blocked_by_shield":285,"minecraft:drop":13,"minecraft:damage_dealt":2594,"minecraft:talked_to_villager":1,"minecraft:swim_one_cm":14776,"minecraft:fly_one_cm":250255,"minecraft:open_chest":43,"minecraft:crouch_one_cm":5466,"minecraft:play_time":62610,"minecraft:deaths":3,"minecraft:sneak_time":1904,"minecraft:walk_under_water_one_cm":12030,"minecraft:jump":1268,"minecraft:interact_with_blast_furnace":2,"minecraft:walk_on_water_one_cm":24366,"minecraft:total_world_time":62610,"minecraft:fall_one_cm":36574},"minecraft:picked_up":{"minecraft:charcoal":2,"minecraft:iron_chestplate":4,"minecraft:wheat":2,"minecraft:dark_oak_button":4,"minecraft:flower_pot":3,"minecraft:leather":1,"minecraft:oak_log":19,"minecraft:dirt":5,"minecraft:string":13,"minecraft:iron_leggings":4,"minecraft:iron_shovel":1,"minecraft:armor_stand":4,"minecraft:bone":2,"minecraft:experience_bottle":1,"minecraft:bow":3,"minecraft:wheat_seeds":10,"minecraft:beef":3,"minecraft:iron_sword":2,"minecraft:iron_boots":4,"minecraft:egg":1,"minecraft:raw_iron":1,"minecraft:stick":1,"minecraft:beehive":1,"minecraft:stone_button":3,"minecraft:blast_furnace":1,"minecraft:white_bed":2,"minecraft:green_carpet":8,"minecraft:arrow":4,"minecraft:rotten_flesh":2,"minecraft:peony":4,"minecraft:iron_helmet":4,"minecraft:hay_block":25,"minecraft:painting":2,"minecraft:spruce_button":1,"minecraft:bread":1,"minecraft:coal":6,"minecraft:iron_bars":4,"minecraft:cobblestone":16},"minecraft:crafted":{"minecraft:oak_planks":76,"minecraft:crafting_table":1,"minecraft:wooden_pickaxe":1,"minecraft:furnace":1,"minecraft:stone_axe":1,"minecraft:bread":88,"minecraft:air":0,"minecraft:shield":1,"minecraft:stick":8,"minecraft:iron_ingot":1,"minecraft:stone_pickaxe":1,"minecraft:chest":2,"minecraft:torch":12,"minecraft:wheat":225},"minecraft:mined":{"minecraft:white_bed":2,"minecraft:glass_pane":1,"minecraft:glow_lichen":1,"minecraft:grass_block":2,"minecraft:spruce_button":1,"minecraft:blast_furnace":1,"minecraft:campfire":1,"minecraft:hay_block":25,"minecraft:beehive":1,"minecraft:iron_ore":1,"minecraft:birch_leaves":1,"minecraft:peony":1,"minecraft:grass":8,"minecraft:oak_log":19,"minecraft:coal_ore":6,"minecraft:dark_oak_button":1,"minecraft:iron_bars":4,"minecraft:dirt":3,"minecraft:cobweb":14,"minecraft:stone":16,"minecraft:oak_leaves":2},"minecraft:killed_by":{"minecraft:husk":1,"minecraft:skeleton":1,"minecraft:zombie":1},"minecraft:killed":{"minecraft:husk":1,"minecraft:spider":2,"minecraft:skeleton":3,"minecraft:zombie":4,"minecraft:cow":1},"minecraft:used":{"minecraft:iron_shovel":5,"minecraft:armor_stand":4,"minecraft:stone_pickaxe":16,"minecraft:shield":7,"gobber2:gobber2_boots":1,"minecraft:chest":2,"gobber2:gobber2_leggings":1,"minecraft:wooden_pickaxe":15,"minecraft:iron_sword":68,"minecraft:torch":15,"minecraft:dirt":5,"minecraft:crafting_table":1,"minecraft:blast_furnace":1,"minecraft:white_bed":1,"minecraft:painting":2,"minecraft:bread":39,"gobber2:gobber2_helmet":1,"minecraft:dark_oak_button":1,"minecraft:stone_axe":43,"minecraft:furnace":1,"minecraft:egg":1,"gobber2:gobber2_chestplate":1}},"DataVersion":3465}