{"stats":{"minecraft:dropped":{"minecraft:bread":1,"minecraft:wheat_seeds":3,"stalwart_dungeons:warted_tungsten_leggings":1,"biomesoplenty:lavender":1,"minecraft:cobblestone":25,"minecraft:leather":1,"minecraft:dark_oak_button":2,"stalwart_dungeons:warted_tungsten_boots":1,"minecraft:spruce_button":1,"stalwart_dungeons:chorundum_sword":1,"minecraft:stone_button":3,"stalwart_dungeons:tungsten_chestplate":1,"stalwart_dungeons:tungsten_helmet":1,"minecraft:sunflower":2,"stalwart_dungeons:tungsten_boots":1,"stalwart_dungeons:tungsten_sword":1,"minecraft:gravel":10,"stalwart_dungeons:tungsten_leggings":1,"minecraft:tuff":16,"stalwart_dungeons:warted_tungsten_helmet":1,"minecraft:rotten_flesh":12,"minecraft:beehive":1,"stalwart_dungeons:warted_tungsten_chestplate":1,"minecraft:peony":4,"minecraft:charcoal":1,"stalwart_dungeons:tungsten_axe":1,"minecraft:wooden_pickaxe":1,"biomesoplenty:mahogany_sapling":3,"minecraft:stone_pickaxe":1},"minecraft:killed":{"cardinal_sins:skeletonofgluttony":9,"minecraft:spider":3,"minecraft:skeleton":5,"minecraft:husk":10,"minecraft:pig":1,"minecraft:zombie":5,"minecraft:cow":2},"minecraft:crafted":{"minecraft:oak_door":3,"minecraft:oak_planks":96,"biomesoplenty:mahogany_planks":216,"minecraft:furnace":2,"minecraft:bone_meal":15,"minecraft:flint_and_steel":1,"minecraft:iron_axe":1,"minecraft:stone_pickaxe":1,"minecraft:chest":7,"minecraft:wheat":225,"minecraft:crafting_table":3,"minecraft:wooden_pickaxe":1,"minecraft:iron_sword":1,"minecraft:bucket":2,"minecraft:stone_axe":1,"minecraft:bread":88,"minecraft:air":0,"minecraft:shield":1,"biomesoplenty:mahogany_door":12,"minecraft:stick":32,"minecraft:iron_ingot":31,"minecraft:iron_pickaxe":1,"minecraft:torch":88},"minecraft:custom":{"minecraft:interact_with_smithing_table":1,"minecraft:mob_kills":36,"minecraft:interact_with_crafting_table":30,"minecraft:open_barrel":18,"minecraft:leave_game":8,"minecraft:time_since_death":2918,"minecraft:climb_one_cm":8744,"minecraft:sprint_one_cm":324138,"minecraft:walk_one_cm":390063,"minecraft:damage_blocked_by_shield":1605,"minecraft:drop":65,"minecraft:talked_to_villager":5,"minecraft:play_time":156254,"minecraft:deaths":8,"minecraft:sneak_time":5697,"minecraft:walk_under_water_one_cm":62263,"minecraft:jump":2773,"minecraft:interact_with_blast_furnace":8,"minecraft:walk_on_water_one_cm":62861,"minecraft:total_world_time":156254,"minecraft:interact_with_furnace":25,"minecraft:interact_with_cartography_table":2,"minecraft:sleep_in_bed":11,"minecraft:time_since_rest":2944,"minecraft:damage_taken":5411,"minecraft:damage_dealt":12108,"minecraft:swim_one_cm":67273,"minecraft:fly_one_cm":517005,"minecraft:open_chest":102,"minecraft:crouch_one_cm":15159,"minecraft:fall_one_cm":84188,"minecraft:horse_one_cm":942591},"minecraft:used":{"minecraft:iron_shovel":11,"minecraft:flint_and_steel":19,"minecraft:armor_stand":4,"gobber2:gobber2_boots":1,"minecraft:chest":10,"gobber2:gobber2_leggings":1,"minecraft:shield":16,"minecraft:iron_sword":359,"minecraft:oak_door":7,"minecraft:torch":85,"minecraft:dirt":5,"minecraft:lava_bucket":14,"minecraft:iron_axe":113,"gobber2:gobber2_helmet":1,"minecraft:iron_helmet":1,"minecraft:dark_oak_button":1,"minecraft:furnace":4,"minecraft:egg":1,"minecraft:water_bucket":35,"minecraft:stone_pickaxe":49,"minecraft:oak_planks":29,"minecraft:wooden_pickaxe":15,"minecraft:crafting_table":4,"minecraft:blast_furnace":2,"biomesoplenty:mahogany_door":4,"minecraft:white_bed":11,"minecraft:painting":9,"minecraft:bread":81,"minecraft:iron_pickaxe":129,"minecraft:stone_axe":43,"minecraft:cobblestone":7,"minecraft:bucket":51,"gobber2:gobber2_chestplate":1},"minecraft:killed_by":{"minecraft:husk":1,"creeperoverhaul:cave_creeper":1,"minecraft:skeleton":3,"minecraft:zombie":1},"minecraft:mined":{"minecraft:tuff":12,"minecraft:white_bed":11,"minecraft:oak_door":7,"biomesoplenty:mahogany_door":1,"minecraft:glow_lichen":1,"minecraft:grass_block":2,"minecraft:spruce_fence":1,"gobber2:gobber2_lucky_block":1,"minecraft:white_stained_glass":2,"minecraft:spawner":4,"minecraft:hay_block":25,"minecraft:furnace":2,"minecraft:iron_ore":31,"minecraft:peony":1,"minecraft:iron_bars":4,"minecraft:stone":39,"minecraft:glass_pane":1,"minecraft:crafting_table":2,"minecraft:spruce_button":1,"minecraft:blast_furnace":2,"minecraft:chest":3,"minecraft:campfire":1,"minecraft:cobblestone":6,"minecraft:lapis_ore":1,"minecraft:oak_planks":26,"biomesoplenty:mahogany_log":60,"minecraft:beehive":1,"minecraft:birch_leaves":1,"minecraft:grass":14,"minecraft:oak_log":24,"minecraft:coal_ore":81,"minecraft:dark_oak_button":1,"minecraft:gravel":6,"minecraft:dirt":3,"minecraft:cobweb":14,"minecraft:orange_wall_banner":1,"minecraft:oak_leaves":2,"minecraft:deepslate":6,"minecraft:fern":2},"minecraft:picked_up":{"stalwart_dungeons:warted_tungsten_boots":1,"minecraft:crafting_table":2,"minecraft:charcoal":3,"minecraft:iron_chestplate":4,"minecraft:wheat":2,"minecraft:flower_pot":3,"minecraft:orange_banner":1,"minecraft:potion":1,"minecraft:string":15,"stalwart_dungeons:chorundum_sword":1,"minecraft:armor_stand":4,"minecraft:iron_leggings":4,"minecraft:iron_shovel":1,"minecraft:experience_bottle":1,"minecraft:beef":6,"minecraft:chest":3,"minecraft:egg":1,"minecraft:furnace":2,"minecraft:iron_boots":4,"minecraft:beehive":1,"minecraft:stick":4,"minecraft:raw_iron":31,"minecraft:oak_door":7,"minecraft:spruce_fence":1,"minecraft:porkchop":6,"minecraft:stone_button":3,"minecraft:honey_bottle":1,"minecraft:arrow":8,"minecraft:rotten_flesh":16,"minecraft:peony":4,"biomesoplenty:mahogany_sapling":3,"minecraft:hay_block":25,"stalwart_dungeons:tungsten_axe":1,"minecraft:saddle":2,"minecraft:iron_bars":8,"minecraft:cobblestone":61,"biomesoplenty:lavender":1,"minecraft:dark_oak_button":4,"minecraft:leather":3,"minecraft:flint":1,"stalwart_dungeons:warted_tungsten_helmet":1,"minecraft:tuff":16,"stalwart_dungeons:warted_tungsten_leggings":1,"minecraft:oak_log":24,"minecraft:lapis_lazuli":10,"minecraft:dirt":6,"minecraft:bone":11,"minecraft:gray_carpet":1,"minecraft:bow":3,"minecraft:wheat_seeds":15,"minecraft:oak_planks":26,"minecraft:iron_sword":2,"stalwart_dungeons:warted_tungsten_chestplate":1,"gobber2:gobber2_gooey_bread":1,"minecraft:gravel":10,"minecraft:blast_furnace":2,"minecraft:white_bed":11,"alexsmobs:animal_dictionary":1,"minecraft:green_carpet":8,"minecraft:spider_eye":1,"biomesoplenty:mahogany_log":54,"biomesoplenty:mahogany_door":1,"minecraft:chainmail_leggings":1,"minecraft:iron_helmet":4,"minecraft:painting":9,"minecraft:spruce_button":1,"minecraft:bread":1,"minecraft:coal":77,"minecraft:sunflower":2}},"DataVersion":3465}