{"stats":{"minecraft:dropped":{"minecraft:dark_oak_button":1,"minecraft:beehive":1,"minecraft:spruce_button":1,"minecraft:stone_button":2,"minecraft:peony":4,"minecraft:wooden_pickaxe":1},"minecraft:custom":{"minecraft:interact_with_smithing_table":1,"minecraft:interact_with_furnace":12,"minecraft:mob_kills":5,"minecraft:interact_with_cartography_table":2,"minecraft:interact_with_crafting_table":10,"minecraft:open_barrel":10,"minecraft:leave_game":7,"minecraft:time_since_death":12603,"minecraft:sleep_in_bed":2,"minecraft:climb_one_cm":7085,"minecraft:time_since_rest":7887,"minecraft:sprint_one_cm":119491,"minecraft:damage_taken":1661,"minecraft:walk_one_cm":145006,"minecraft:drop":10,"minecraft:damage_dealt":1244,"minecraft:talked_to_villager":1,"minecraft:swim_one_cm":13123,"minecraft:fly_one_cm":177990,"minecraft:open_chest":42,"minecraft:crouch_one_cm":4726,"minecraft:play_time":50610,"minecraft:deaths":2,"minecraft:sneak_time":1597,"minecraft:walk_under_water_one_cm":8268,"minecraft:jump":843,"minecraft:interact_with_blast_furnace":2,"minecraft:walk_on_water_one_cm":14715,"minecraft:total_world_time":50610,"minecraft:fall_one_cm":24275},"minecraft:picked_up":{"minecraft:charcoal":2,"minecraft:iron_chestplate":4,"minecraft:wheat":2,"minecraft:dark_oak_button":4,"minecraft:flower_pot":3,"minecraft:leather":1,"minecraft:oak_log":19,"minecraft:string":13,"minecraft:iron_leggings":4,"minecraft:armor_stand":4,"minecraft:experience_bottle":1,"minecraft:bow":3,"minecraft:wheat_seeds":10,"minecraft:beef":3,"minecraft:iron_sword":2,"minecraft:iron_boots":4,"minecraft:raw_iron":1,"minecraft:stick":1,"minecraft:beehive":1,"minecraft:stone_button":3,"minecraft:blast_furnace":1,"minecraft:white_bed":1,"minecraft:green_carpet":8,"minecraft:arrow":3,"minecraft:peony":4,"minecraft:iron_helmet":4,"minecraft:hay_block":25,"minecraft:painting":2,"minecraft:spruce_button":1,"minecraft:coal":6,"minecraft:iron_bars":4,"minecraft:cobblestone":16},"minecraft:crafted":{"minecraft:oak_planks":76,"minecraft:crafting_table":1,"minecraft:wooden_pickaxe":1,"minecraft:furnace":1,"minecraft:stone_axe":1,"minecraft:bread":88,"minecraft:air":0,"minecraft:shield":1,"minecraft:stick":8,"minecraft:iron_ingot":1,"minecraft:stone_pickaxe":1,"minecraft:chest":2,"minecraft:torch":12,"minecraft:wheat":225},"minecraft:mined":{"minecraft:white_bed":1,"minecraft:glass_pane":1,"minecraft:spruce_button":1,"minecraft:blast_furnace":1,"minecraft:campfire":1,"minecraft:hay_block":25,"minecraft:beehive":1,"minecraft:iron_ore":1,"minecraft:peony":1,"minecraft:grass":5,"minecraft:oak_log":19,"minecraft:coal_ore":6,"minecraft:dark_oak_button":1,"minecraft:iron_bars":4,"minecraft:cobweb":14,"minecraft:stone":16,"minecraft:oak_leaves":2},"minecraft:killed_by":{"minecraft:husk":1,"minecraft:zombie":1},"minecraft:used":{"minecraft:armor_stand":4,"minecraft:stone_pickaxe":15,"gobber2:gobber2_boots":1,"minecraft:chest":2,"gobber2:gobber2_leggings":1,"minecraft:wooden_pickaxe":15,"minecraft:iron_sword":42,"minecraft:torch":6,"minecraft:crafting_table":1,"minecraft:blast_furnace":1,"minecraft:white_bed":1,"minecraft:painting":2,"minecraft:bread":27,"gobber2:gobber2_helmet":1,"minecraft:dark_oak_button":1,"minecraft:stone_axe":43,"minecraft:furnace":1,"gobber2:gobber2_chestplate":1},"minecraft:killed":{"minecraft:husk":1,"minecraft:spider":1,"minecraft:skeleton":2,"minecraft:cow":1}},"DataVersion":3465}